    INSERT INTO SUCURSAL (NOMBRE_SUCURSAL, DIRECCION_SUCURSAL, TELEFONO_SUCURSAL, EMAIL_SUCURSAL, ESTADO_SUCURSAL)
    VALUES
    ( 'Sucursal Quito Norte', 'Av. Amazonas y Colón', '022345678', 'quito.norte@banco.com', 'Activa'),
    ( 'Sucursal Quito Sur', 'Av. Mariscal y Ajaví', '022345679', 'quito.sur@banco.com', 'Activa'),
    ( 'Sucursal Guayaquil Centro', 'Malecón y 9 de Octubre', '042345670', 'gye.centro@banco.com', 'Activa'),
    ( 'Sucursal Guayaquil Norte', 'Av. del Bombero', '042345671', 'gye.norte@banco.com', 'Activa'),
    ( 'Sucursal Cuenca Centro', 'Av. Solano', '072345672', 'cuenca@banco.com', 'Activa'),
    ( 'Sucursal Ambato Sur', 'Av. Cevallos', '032345673', 'ambato@banco.com', 'Inactiva'),
    ( 'Sucursal Manta Playa', 'Av. Malecón', '052345674', 'manta@banco.com', 'Activa'),
    ( 'Sucursal Loja Central', 'Av. Universitaria', '072345675', 'loja@banco.com', 'Activa'),
    ( 'Sucursal Ibarra Norte', 'Av. Mariano Acosta', '062345676', 'ibarra@banco.com', 'Activa'),
    ( 'Sucursal Riobamba Centro', 'Av. Daniel León', '032345677', 'riobamba@banco.com', 'Inactiva'),
    ( 'Sucursal Esmeraldas', 'Av. Olmedo y Bolívar', '062345678', 'esmeraldas@banco.com', 'Activa'),
    ( 'Sucursal Santo Domingo', 'Av. Chone y Tsáchila', '062345679', 'sdom@banco.com', 'Activa'),
    ( 'Sucursal Tulcán', 'Av. Tulcán y Simón Bolívar', '062345680', 'tulcan@banco.com', 'Activa'),
    ( 'Sucursal Machala', 'Av. Rocafuerte y Bolívar', '072345681', 'machala@banco.com', 'Activa'),
    ( 'Sucursal Babahoyo', 'Av. Universitaria y 10 de Agosto', '072345682', 'babahoyo@banco.com', 'Inactiva'),
    ( 'Sucursal Latacunga', 'Av. Cotopaxi y Bolívar', '032345683', 'latacunga@banco.com', 'Activa'),
    ( 'Sucursal Tena', 'Av. Napo y 12 de Febrero', '062345684', 'tena@banco.com', 'Activa'),
    ( 'Sucursal Coca', 'Av. Francisco de Orellana', '062345685', 'coca@banco.com', 'Activa'),
    ( 'Sucursal Puyo', 'Av. Amazonas y Quito', '062345686', 'puyo@banco.com', 'Inactiva'),
    ( 'Sucursal Zamora', 'Av. San Francisco', '072345687', 'zamora@banco.com', 'Activa'),
    ( 'Sucursal Quevedo', 'Av. Quevedo y Bolívar', '072345688', 'quevedo@banco.com', 'Activa'),
    ( 'Sucursal Milagro', 'Av. Milagro y 1 de Mayo', '042345689', 'milagro@banco.com', 'Activa'),
    ( 'Sucursal Duran', 'Av. Ferroviaria', '042345690', 'duran@banco.com', 'Activa'),
    ( 'Sucursal La Libertad', 'Av. Libertad', '052345691', 'libertad@banco.com', 'Activa'),
    ( 'Sucursal Salinas', 'Av. Malecón y Chipipe', '052345692', 'salinas@banco.com', 'Activa'),
    ( 'Sucursal Portoviejo', 'Av. Reales Tamarindos', '052345693', 'portoviejo@banco.com', 'Inactiva'),
    ( 'Sucursal Chone', 'Av. Eloy Alfaro', '052345694', 'chone@banco.com', 'Activa'),
    ( 'Sucursal Otavalo', 'Av. Panamericana Norte', '062345695', 'otavalo@banco.com', 'Activa'),
    ( 'Sucursal Cayambe', 'Av. Cayambe y Bolívar', '062345696', 'cayambe@banco.com', 'Activa'),
    ( 'Sucursal Sangolquí', 'Av. General Enríquez', '022345697', 'sangolqui@banco.com', 'Activa');


    INSERT INTO CAJEROS (ID_SUCURSAL, DIRECCION_CAJERO, ESTADOOPERATIVO_CAJERO, FECHAMANTENIMIENTO_CAJERO, TOTALDINERO_CAJERO)
    values (1, 'Hall Principal Sucursal Quito Norte', 'Operativo', '2025-07-01', 15000.50),
    (2, 'Ingreso lateral Quito Sur', 'Operativo', '2025-06-25', 12400.00),
    (3, 'Lobby Guayaquil Centro', 'Mantenimiento', '2025-07-10', 0.00),
    (4, 'Zona ATM Guayaquil Norte', 'Operativo', '2025-07-03', 9800.75),
    (5, 'Pasillo Cuenca Centro', 'Operativo', '2025-06-29', 11000.25),
    (6, 'Recepción Ambato Sur', 'Mantenimiento', '2025-07-02', 2500.00),
    (7, 'Exterior Manta Playa', 'Fuera de servicio', '2025-07-01', 0.00),
    (8, 'Zona rápida Loja Central', 'Operativo', '2025-06-30', 8600.20),
    (9, 'Hall Ibarra Norte', 'Operativo', '2025-07-04', 13200.00),
    (10, 'Acceso Riobamba', 'Operativo', '2025-07-07', 7400.90),
    (11, 'Fachada Esmeraldas', 'Mantenimiento', '2025-07-05', 0.00),
    (12, 'Zona segura Santo Domingo', 'Operativo', '2025-06-28', 10100.00),
    (13, 'Hall Tulcán', 'Operativo', '2025-07-08', 9300.00),
    (14, 'Lobby Machala', 'Operativo', '2025-07-01', 11400.75),
    (15, 'Ingreso Babahoyo', 'Fuera de servicio', '2025-07-06', 0.00),
    (16, 'Zona express Latacunga', 'Operativo', '2025-06-27', 5600.50),
    (17, 'Pasillo Tena', 'Mantenimiento', '2025-07-05', 0.00),
    (18, 'Zona de espera Coca', 'Operativo', '2025-07-02', 7800.90),
    (19, 'Acceso Puyo', 'Operativo', '2025-07-04', 8200.00),
    (20, 'Hall Zamora', 'Operativo', '2025-07-03', 10900.00),
    (21, 'Lobby Quevedo', 'Operativo', '2025-06-26', 9900.20),
    (22, 'Fachada Milagro', 'Operativo', '2025-07-01', 8750.80),
    (23, 'Plataforma Duran', 'Mantenimiento', '2025-07-08', 0.00),
    (24, 'Exterior La Libertad', 'Operativo', '2025-07-02', 6500.00),
    (25, 'Ingreso Salinas', 'Fuera de servicio', '2025-07-10', 0.00),
    (26, 'Hall Portoviejo', 'Operativo', '2025-07-06', 7200.00),
    (27, 'Zona ATM Chone', 'Mantenimiento', '2025-07-05', 0.00),
    (28, 'Hall Otavalo', 'Operativo', '2025-07-01', 9400.00),
    (29, 'Lobby Cayambe', 'Operativo', '2025-06-30', 8800.70),
    (30, 'Zona express Sangolquí', 'Operativo', '2025-07-03', 11800.90);



    INSERT INTO PERSONA (DIRECCION_PERSONA, TELEFONO_PERSONA, EMAIL_PERSONA, TIPO_PERSONA, NOMBRE_PERSONA) values
    ('Calle Bolívar 123, Quito', '0991234567', 'juan.perez@gmail.com', 'CLIENTE', 'Juan Pérez'),
    ('Av. Mariana de Jesús 98, Quito', '0987654321', 'maria.lopez@hotmail.com', 'CLIENTE', 'María López'),
    ('Barrio Centenario, Guayaquil', '0976543210', 'pedro.ramos@outlook.com', 'EMPLEADO', 'Pedro Ramos'),
    ('Av. 6 de Diciembre 32, Quito', '0961234567', 'laura.torres@mail.com', 'CLIENTE', 'Laura Torres'),
    ('Calle Rocafuerte 12, Cuenca', '0995566778', 'diego.mora@gmail.com', 'EMPLEADO', 'Diego Mora'),
    ('Urbanización Los Rosales, Ambato', '0956677889', 'ana.valdivieso@yahoo.com', 'CLIENTE', 'Ana Valdivieso'),
    ('Sector El Batán, Loja', '0943344556', 'carlos.reina@live.com', 'CLIENTE', 'Carlos Reina'),
    ('Calle Sucre y Olmedo, Riobamba', '0934455667', 'karla.navarro@gmail.com', 'EMPLEADO', 'Karla Navarro'),
    ('Barrio La Pradera, Quito', '0989988776', 'fernando.vera@mail.com', 'CLIENTE', 'Fernando Vera'),
    ('Av. Universitaria s/n, Machala', '0993344556', 'gisela.romero@outlook.com', 'CLIENTE', 'Gisela Romero'),
    ('Sector Los Pinos, Manta', '0971234567', 'oscar.carrasco@gmail.com', 'EMPLEADO', 'Óscar Carrasco'),
    ('Urbanización El Trebol, Quito', '0967788990', 'estefania.paredes@yahoo.com', 'CLIENTE', 'Estefanía Paredes'),
    ('Calle Maldonado, Tulcán', '0933211221', 'ricardo.vallejo@mail.com', 'CLIENTE', 'Ricardo Vallejo'),
    ('Av. Del Ejército, Santo Domingo', '0954455667', 'viviana.burgos@live.com', 'CLIENTE', 'Viviana Burgos'),
    ('Barrio San Sebastián, Milagro', '0991122443', 'jorge.salazar@gmail.com', 'EMPLEADO', 'Jorge Salazar'),
    ('Urbanización Miraflores, Guayaquil', '0985566778', 'andrea.campoverde@mail.com', 'CLIENTE', 'Andrea Campoverde'),
    ('Calle Cristóbal Colón, Latacunga', '0978899001', 'rubén.murillo@hotmail.com', 'CLIENTE', 'Rubén Murillo'),
    ('Av. Jaime Roldós, Esmeraldas', '0942233445', 'monica.almeida@gmail.com', 'EMPLEADO', 'Mónica Almeida'),
    ('Barrio Los Álamos, Puyo', '0931122334', 'gustavo.paz@outlook.com', 'CLIENTE', 'Gustavo Paz'),
    ('Sector Santa Rosa, Zamora', '0969988776', 'pilar.mendoza@mail.com', 'CLIENTE', 'Pilar Mendoza'),
    ('Av. Quito, Ibarra', '0994455667', 'fabian.carrera@gmail.com', 'EMPLEADO', 'Fabián Carrera'),
    ('Calle 5 de Junio, Babahoyo', '0981234560', 'veronica.torres@live.com', 'CLIENTE', 'Verónica Torres'),
    ('Calle Vargas Torres, Nueva Loja', '0933445566', 'cristian.flores@gmail.com', 'CLIENTE', 'Cristián Flores'),
    ('Sector El Cisne, Quevedo', '0945678901', 'edgar.vera@mail.com', 'EMPLEADO', 'Edgar Vera'),
    ('Barrio Bellavista, Santa Elena', '0975566778', 'natalia.rodriguez@outlook.com', 'CLIENTE', 'Natalia Rodríguez'),
    ('Av. La Paz, Quito', '0956677880', 'marco.gallegos@yahoo.com', 'CLIENTE', 'Marco Gallegos'),
    ('Urbanización Los Jardines, Guaranda', '0989090909', 'elena.ortiz@gmail.com', 'CLIENTE', 'Elena Ortiz'),
    ('Calle Carchi, Portoviejo', '0944433221', 'luisa.arboleda@outlook.com', 'CLIENTE', 'Luisa Arboleda'),
    ('Sector Las Palmas, Tena', '0934567890', 'jorge.reyes@gmail.com', 'EMPLEADO', 'Jorge Reyes'),
    ('Calle Espejo y García Moreno, Quito', '0999988776', 'isabel.mendez@mail.com', 'CLIENTE', 'Isabel Méndez');



    INSERT INTO PERSONANORMAL (ID_PERSONA, N_APELLIDO, N_OCUPACION, N_CEDULA, N_FECHANACIMIENTO) VALUES
    (1, 'Perez', 'Ingeniero en Sistemas', '0102030405', '1990-06-15'),
    (2, 'Lopez', 'Contador Público', '0203040506', '1988-09-22'),
    (3, 'Santos', 'Médico General', '0304050607', '1979-12-01'),
    (4, 'Torres', 'Profesor de Matemáticas', '0405060708', '1985-03-11'),
    (5, 'Mora', 'Analista de Datos', '0506070809', '1992-07-07'),
    (6, 'Valdivieso', 'Abogado Corporativo', '0607080910', '1980-05-14'),
    (7, 'Reina', 'Diseñador Gráfico', '0708091011', '1995-11-28'),
    (8, 'Navarro', 'Enfermera', '0809101112', '1989-02-19'),
    (9, 'Vera', 'Arquitecto', '0910111213', '1983-08-03'),
    (10, 'Romero', 'Psicóloga Clínica', '1011121314', '1991-06-09'),
    (11, 'Carrasco', 'Técnico Mecánico', '1112131415', '1993-04-27'),
    (12, 'Paredes', 'Ingeniera Civil', '1213141516', '1986-10-20'),
    (13, 'Vallejo', 'Chef Profesional', '1314151617', '1990-01-30'),
    (14, 'Burgos', 'Fotógrafa', '1415161718', '1996-09-25'),
    (15, 'Salazar', 'Veterinario', '1516171819', '1978-07-12');

    INSERT INTO PERSONAJURIDICA (ID_PERSONA, PJ_RUC, PJ_RAZONSOCIAL, PJ_TIPOEMPRESA) VALUES
    (16, '1790012345001', 'Constructora El Triunfo S.A.', 'S.A.'),
    (17, '1790023456002', 'Soluciones Médicas Globales C.A.', 'C.A.'),
    (18, '1790034567003', 'Textiles Ecuatorianos Ltda.', 'Ltda.'),
    (19, '1790045678004', 'Innovatec S.A.', 'S.A.'),
    (20, '1790056789005', 'AgroFertil S.C.', 'S.C.'),
    (21, '1790067890006', 'Comercial Andina S.A.', 'S.A.'),
    (22, '1790078901007', 'Educativa Futuro Cía. Ltda.', 'Cía. Ltda.'),
    (23, '1790089012008', 'Transporte Seguro Express S.A.', 'S.A.'),
    (24, '1790090123009', 'Servicios Legales Integrales C.A.', 'C.A.'),
    (25, '1790101234010', 'EcoRecicla S.A.', 'S.A.'),
    (26, '1790112345011', 'Desarrollos Inmobiliarios Horizonte S.A.', 'S.A.'),
    (27, '1790123456012', 'Consultora Técnica Global Cía. Ltda.', 'Cía. Ltda.'),
    (28, '1790134567013', 'Industria de Bebidas Naturales S.A.', 'S.A.'),
    (29, '1790145678014', 'Tecnología y Seguridad S.C.', 'S.C.'),
    (30, '1790156789015', 'Distribuidora La Estrella C.A.', 'C.A.');

    INSERT INTO CUENTA (ID_PERSONA, NUMERO_CUENTA, FECHA_APERTURA_CUENTA, ESTADO_CUENTA, SALDO_CUENTA, TIPO_CUENTA, PERMITERETIROS_CUENTA, PERMITEPAGOS_CUENTA, SEGUROCONTRAFRAUDE) VALUES
    (1, '78261375012306853615', '2023-04-17', 'ACTIVA', 152.34, 'CORRIENTE', FALSE, FALSE, FALSE),
    (1, '78223131547506068536', '2025-04-19', 'ACTIVA', 1342.34, 'CORRIENTE', FALSE, FALSE, FALSE),
    (1, '78261375062342341530', '2026-04-15', 'INACTIVA', 14.34, 'CORRIENTE', FALSE, FALSE, FALSE),
    (1, '78261375060685361530', '2023-04-17', 'INACTIVA', 1482.34, 'CORRIENTE', FALSE, FALSE, FALSE),
    (2, '61375980213465781234', '2024-01-12', 'ACTIVA', 5250.50, 'AHORRO', TRUE, TRUE, TRUE),
    (3, '82461937026548712309', '2023-11-22', 'ACTIVA', 1340.00, 'CORRIENTE', TRUE, TRUE, FALSE),
    (4, '92736501487236591274', '2022-08-10', 'INACTIVA', 0.00, 'AHORRO', FALSE, FALSE, TRUE),
    (5, '13476902581347956201', '2025-03-01', 'ACTIVA', 980.25, 'CORRIENTE', TRUE, FALSE, FALSE),
    (6, '72891560487236019587', '2023-06-15', 'ACTIVA', 2250.10, 'AHORRO', TRUE, TRUE, TRUE),
    (7, '53017286409182736450', '2024-09-05', 'ACTIVA', 3140.75, 'CORRIENTE', TRUE, TRUE, TRUE),
    (8, '61723840956127384902', '2023-02-25', 'INACTIVA', 0.00, 'AHORRO', FALSE, FALSE, FALSE),
    (9, '49182736409182736450', '2023-12-20', 'ACTIVA', 760.00, 'CORRIENTE', TRUE, TRUE, FALSE),
    (10, '23840956127384902617', '2025-01-11', 'ACTIVA', 14850.00, 'AHORRO', TRUE, TRUE, TRUE),
    (11, '78261375060685361531', '2023-04-18', 'ACTIVA', 980.50, 'CORRIENTE', TRUE, TRUE, FALSE),
    (12, '61375980213465781235', '2024-01-15', 'INACTIVA', 0.00, 'AHORRO', FALSE, FALSE, TRUE),
    (13, '82461937026548712310', '2023-11-25', 'ACTIVA', 2340.00, 'CORRIENTE', TRUE, FALSE, FALSE),
    (14, '92736501487236591275', '2022-08-12', 'ACTIVA', 1200.00, 'AHORRO', TRUE, TRUE, TRUE),
    (15, '13476902581347956202', '2025-03-05', 'INACTIVA', 0.00, 'CORRIENTE', FALSE, FALSE, FALSE),
    (16, '72891560487236019588', '2023-06-18', 'ACTIVA', 3200.00, 'AHORRO', TRUE, TRUE, TRUE),
    (17, '53017286409182736451', '2024-09-10', 'ACTIVA', 2750.00, 'CORRIENTE', TRUE, TRUE, TRUE),
    (18, '61723840956127384903', '2023-02-28', 'INACTIVA', 0.00, 'AHORRO', FALSE, FALSE, FALSE),
    (19, '49182736409182736451', '2023-12-25', 'ACTIVA', 860.00, 'CORRIENTE', TRUE, TRUE, FALSE),
    (20, '23840956127384902618', '2025-01-15', 'ACTIVA', 11850.00, 'AHORRO', TRUE, TRUE, TRUE),
    (21, '78261375060685361532', '2023-04-20', 'ACTIVA', 1580.00, 'CORRIENTE', TRUE, TRUE, FALSE),
    (22, '61375980213465781236', '2024-01-20', 'INACTIVA', 0.00, 'AHORRO', FALSE, FALSE, TRUE),
    (23, '82461937026548712311', '2023-11-30', 'ACTIVA', 2940.00, 'CORRIENTE', TRUE, FALSE, FALSE),
    (24, '92736501487236591276', '2022-08-15', 'ACTIVA', 1300.00, 'AHORRO', TRUE, TRUE, TRUE),
    (25, '13476902581347956203', '2025-03-10', 'INACTIVA', 0.00, 'CORRIENTE', FALSE, FALSE, FALSE),
    (26, '72891560487236019589', '2023-06-20', 'ACTIVA', 3600.00, 'AHORRO', TRUE, TRUE, TRUE),
    (27, '53017286409182736452', '2024-09-15', 'ACTIVA', 3950.00, 'CORRIENTE', TRUE, TRUE, TRUE),
    (28, '61723840956127384904', '2023-03-02', 'INACTIVA', 0.00, 'AHORRO', FALSE, FALSE, FALSE),
    (29, '49182736409182736452', '2023-12-30', 'ACTIVA', 960.00, 'CORRIENTE', TRUE, TRUE, FALSE),
    (30, '23840956127384902619', '2025-01-20', 'ACTIVA', 13850.00, 'AHORRO', TRUE, TRUE, TRUE);



    INSERT INTO CUENTAAHORRO (ID_CUENTA, CA_TASZAINTERESANUAL, CA_FECHAULTIMOINTERES, CA_INTERESACUMULADOANUAL, CA_CUBIERTAPORSEGURO) VALUES
    (2, 3.2, '2025-07-02', 11.00, TRUE),
    (4, 2.8, '2024-12-15', 8.50, TRUE),
    (6, 3.5, '2025-01-10', 10.00, TRUE),
    (8, 3.0, '2023-10-05', 7.50, FALSE),
    (10, 3.8, '2025-02-20', 12.00, TRUE),
    (12, 2.9, '2024-11-30', 8.00, TRUE),
    (14, 3.1, '2025-03-12', 9.00, FALSE),
    (16, 3.6, '2025-05-08', 10.50, TRUE),
    (18, 3.0, '2024-09-20', 7.00, TRUE),
    (20, 3.7, '2025-06-15', 11.80, TRUE),
    (22, 3.3, '2025-04-01', 9.20, FALSE),
    (24, 2.7, '2023-08-25', 6.50, TRUE),
    (26, 3.4, '2025-07-10', 10.20, TRUE),
    (28, 3.0, '2024-10-30', 7.80, FALSE),
    (30, 3.9, '2025-07-20', 12.50, TRUE);


    INSERT INTO CUENTACORRIENTE (ID_CUENTA, CC_LIMITESOBREGIRO, CC_MONTOSOBREGIRO, CC_FECHA, CC_ESTADOSOBREGIRO, CC_INTERESSOBREGIRO) VALUES
    (1, 500.00, 50.00, '2024-05-10', 'ACTIVO', 5.00),
    (3, 1000.00, 200.00, '2024-06-12', 'INACTIVO', 4.50),
    (5, 750.00, 100.00, '2025-02-20', 'ACTIVO', 4.75),
    (7, 1500.00, 300.00, '2024-10-01', 'ACTIVO', 5.25),
    (9, 1200.00, 250.00, '2023-12-01', 'ACTIVO', 5.10),
    (11, 600.00, 80.00, '2023-09-15', 'INACTIVO', 4.00),
    (13, 850.00, 120.00, '2024-03-25', 'ACTIVO', 4.90),
    (15, 950.00, 150.00, '2025-01-30', 'ACTIVO', 5.00),
    (17, 670.00, 55.25, '2025-06-02', 'ACTIVO', 4.90),
    (19, 700.00, 90.00, '2024-07-22', 'ACTIVO', 5.10),
    (21, 1300.00, 270.00, '2023-11-11', 'INACTIVO', 4.20),
    (23, 800.00, 100.00, '2024-08-19', 'ACTIVO', 4.80),
    (25, 1400.00, 310.00, '2025-03-05', 'ACTIVO', 5.30),
    (27, 900.00, 160.00, '2023-12-20', 'ACTIVO', 4.95),
    (29, 1000.00, 200.00, '2024-04-10', 'ACTIVO', 5.00);

    INSERT INTO MOVIMIENTOS (ID_MOVIMIENTO, ID_CUENTA, M_MONTO, M_FECHA, M_CONTAJGETA, M_DESCRIPCION, M_ESTADO, M_UBICACION) VALUES
    ('48fb1502-4a05-47e7-994c-177d1eb6be13', 1, 150.00, '2025-01-10', FALSE, 'Depósito en efectivo', 'COMPLETADO', 'Sucursal Quito'),
    ('82073f4a-0b9e-48ba-97e1-e9fc2b91bdbf', 2, 200.50, '2025-02-12', TRUE, 'Pago con tarjeta en supermercado', 'COMPLETADO', 'Sucursal Guayaquil'),
    ('fd5ec937-325a-46e5-b806-709f75757b3d', 3, 75.00, '2025-03-05', FALSE, 'Retiro en cajero automático', 'COMPLETADO', 'Cajero Centro'),
    ('042e1e20-7224-4683-8559-53c0973e053e', 4, 300.00, '2025-04-01', TRUE, 'Compra en tienda online', 'PENDIENTE', 'Online'),
    ('b0f1cdb7-b0a2-4be4-84c0-a3d2a26eadb6', 5, 50.00, '2025-04-20', FALSE, 'Transferencia recibida', 'COMPLETADO', 'Sucursal Cuenca'),
    ('6527745f-fff8-471b-9161-7a38594e220c', 6, 120.00, '2025-05-15', TRUE, 'Pago con tarjeta restaurante', 'COMPLETADO', 'Sucursal Quito'),
    ('bdc8ae39-f711-4bc5-8bcf-21689815f9f8', 7, 250.00, '2025-06-10', FALSE, 'Retiro en ventanilla', 'COMPLETADO', 'Sucursal Guayaquil'),
    ('bff8cb66-7082-46a3-8466-07776688019c', 8, 500.00, '2025-06-25', TRUE, 'Compra en tienda de ropa', 'ANULADO', 'Sucursal Loja'),
    ('495a84ff-4b25-4842-a3e4-f8562263a5b3', 9, 90.00, '2025-07-01', FALSE, 'Depósito en efectivo', 'COMPLETADO', 'Sucursal Quito'),
    ('721a62f7-91f1-4261-8ab7-bc1c18488a31', 10, 60.00, '2025-07-10', TRUE, 'Pago con tarjeta farmacia', 'COMPLETADO', 'Sucursal Ambato'),
    ('c21cadec-a8c6-4510-b196-1e1d9d85296d', 11, 110.00, '2025-07-15', FALSE, 'Retiro en cajero automático', 'COMPLETADO', 'Cajero Centro'),
    ('7795e91b-c78e-44d4-b4ae-930f9f7f4e2d', 12, 80.00, '2025-07-20', TRUE, 'Pago en supermercado', 'PENDIENTE', 'Sucursal Guayaquil'),
    ('031e2f29-d6f2-499b-8db8-ea20d716fee8', 13, 130.00, '2025-07-25', FALSE, 'Transferencia enviada', 'COMPLETADO', 'Sucursal Quito'),
    ('f8c66b9e-5934-45b2-90b6-ea947e9cc320', 14, 75.00, '2025-07-30', TRUE, 'Pago con tarjeta gasolinera', 'COMPLETADO', 'Sucursal Cuenca'),
    ('d64cff7a-d5d1-40df-8bdc-25e6441bcfa7', 15, 95.00, '2025-08-01', FALSE, 'Retiro en ventanilla', 'COMPLETADO', 'Sucursal Loja'),
    ('60405113-b755-489d-93d5-38bf15bae717', 16, 200.00, '2025-08-03', TRUE, 'Compra en línea', 'COMPLETADO', 'Online'),
    ('a4649f68-4f6f-4492-af95-8464f16b7e63', 17, 150.00, '2025-08-05', FALSE, 'Depósito en efectivo', 'COMPLETADO', 'Sucursal Quito'),
    ('af0099f0-5c32-462e-a903-fcf0d72a7f7f', 18, 300.00, '2025-08-07', TRUE, 'Pago con tarjeta restaurante', 'COMPLETADO', 'Sucursal Guayaquil'),
    ('aa76a4c2-c8ec-4b5b-ad4d-d95e0064d9cc', 19, 70.00, '2025-08-10', FALSE, 'Retiro en cajero automático', 'COMPLETADO', 'Cajero Centro'),
    ('33eeb8dd-9f2f-414b-9e7e-c86fadb4bc9f', 20, 450.00, '2025-08-12', TRUE, 'Compra en tienda de electrodomésticos', 'PENDIENTE', 'Sucursal Ambato'),
    ('ea30679e-bf09-42f3-8e0e-426c6ea2967c', 21, 100.00, '2025-08-15', FALSE, 'Transferencia recibida', 'COMPLETADO', 'Sucursal Quito'),
    ('9224878c-29ee-41c1-8356-9c1c5574bfa6', 22, 80.00, '2025-08-17', TRUE, 'Pago con tarjeta farmacia', 'COMPLETADO', 'Sucursal Cuenca'),
    ('5e00d063-080d-4654-a1de-26860bc2dc58', 23, 55.00, '2025-08-20', FALSE, 'Retiro en ventanilla', 'COMPLETADO', 'Sucursal Loja'),
    ('2b3a8e68-addb-42a7-a991-c87402c14151', 24, 125.00, '2025-08-22', TRUE, 'Pago en supermercado', 'ANULADO', 'Sucursal Guayaquil'),
    ('487cf4a2-56ba-4a41-afa5-85222fd9ebc0', 25, 220.00, '2025-08-25', FALSE, 'Depósito en efectivo', 'COMPLETADO', 'Sucursal Quito'),
    ('89b48b38-c178-4b0a-98a3-b07c72b56c83', 26, 190.00, '2025-08-27', TRUE, 'Compra en tienda online', 'COMPLETADO', 'Online'),
    ('4cbec888-cef0-4a5d-8e78-9a470e2b9c68', 27, 60.00, '2025-08-29', FALSE, 'Retiro en cajero automático', 'COMPLETADO', 'Cajero Centro'),
    ('b063a643-d54c-4c28-b0e2-58752b4a0ca0', 28, 170.00, '2025-08-30', TRUE, 'Pago con tarjeta gasolinera', 'COMPLETADO', 'Sucursal Ambato'),
    ('c2f007fc-f564-44f1-8cca-2b49a6e2df2e', 29, 80.00, '2025-08-31', FALSE, 'Transferencia enviada', 'COMPLETADO', 'Sucursal Cuenca'),
    ('0f8a089b-eb48-4e8b-83be-552362e5cddb', 30, 300.00, '2025-08-31', TRUE, 'Compra en tienda de ropa', 'PENDIENTE', 'Sucursal Loja');




    INSERT INTO TARJETAS (ID_CUENTA, NUMERO_TARJETA, TIPO_TARJETA, ESTADO_TARJETA, FECHAEMICION_TARJETA, CVV_TARJETA, SALDO_TARJETA, FECHAEXPIRA_TARJETA) VALUES
    (1, '4532756279624064', 'Débito', 'ACTIVA', '2023-01-15', 123, 1500.00, '2026-01-15'),
    (2, '4716829623948562', 'Crédito', 'ACTIVA', '2022-11-10', 456, 2500.00, '2025-11-10'),
    (3, '4929365782947651', 'Débito', 'ACTIVA', '2023-03-05', 789, 1800.00, '2026-03-05'),
    (4, '4556837290485723', 'Crédito', 'INACTIVA', '2020-06-20', 234, 0.00, '2023-06-20'),
    (5, '4024672938475612', 'Débito', 'ACTIVA', '2023-02-25', 567, 1200.00, '2026-02-25'),
    (6, '4716283947562837', 'Crédito', 'ACTIVA', '2023-04-18', 890, 3000.00, '2026-04-18'),
    (7, '4530928475612837', 'Débito', 'ACTIVA', '2023-05-22', 321, 2100.00, '2026-05-22'),
    (8, '4928374657283946', 'Crédito', 'ACTIVA', '2023-06-15', 654, 5000.00, '2026-06-15'),
    (9, '4556372847562938', 'Débito', 'ACTIVA', '2023-07-10', 987, 1700.00, '2026-07-10'),
    (10, '4029485762839475', 'Crédito', 'INACTIVA', '2021-09-05', 213, 0.00, '2024-09-05'),
    (11, '4719283746582739', 'Débito', 'ACTIVA', '2023-08-12', 546, 2200.00, '2026-08-12'),
    (12, '4928374650293847', 'Crédito', 'ACTIVA', '2023-09-01', 879, 2800.00, '2026-09-01'),
    (13, '4537264850928374', 'Débito', 'ACTIVA', '2023-10-08', 132, 1950.00, '2026-10-08'),
    (14, '4719283746509283', 'Crédito', 'ACTIVA', '2023-11-11', 465, 3100.00, '2026-11-11'),
    (15, '4928374650928374', 'Débito', 'ACTIVA', '2023-12-20', 798, 2300.00, '2026-12-20'),
    (16, '4537264850928375', 'Crédito', 'ACTIVA', '2024-01-15', 145, 4000.00, '2027-01-15'),
    (17, '4719283746509284', 'Débito', 'ACTIVA', '2024-02-25', 478, 1700.00, '2027-02-25'),
    (18, '4928374650928376', 'Crédito', 'ACTIVA', '2024-03-12', 811, 2900.00, '2027-03-12'),
    (19, '4537264850928377', 'Débito', 'INACTIVA', '2021-05-20', 154, 0.00, '2024-05-20'),
    (20, '4719283746509285', 'Crédito', 'ACTIVA', '2024-04-10', 487, 3200.00, '2027-04-10'),
    (21, '4928374650928378', 'Débito', 'ACTIVA', '2024-05-25', 820, 1800.00, '2027-05-25'),
    (22, '4537264850928379', 'Crédito', 'ACTIVA', '2024-06-18', 163, 3500.00, '2027-06-18'),
    (23, '4719283746509290', 'Débito', 'ACTIVA', '2024-07-22', 496, 1900.00, '2027-07-22'),
    (24, '4928374650928391', 'Crédito', 'ACTIVA', '2024-08-15', 829, 3300.00, '2027-08-15'),
    (25, '4537264850928392', 'Débito', 'ACTIVA', '2024-09-10', 176, 2100.00, '2027-09-10'),
    (26, '4719283746509293', 'Crédito', 'ACTIVA', '2024-10-05', 509, 3600.00, '2027-10-05'),
    (27, '4928374650928394', 'Débito', 'ACTIVA', '2024-11-12', 842, 2200.00, '2027-11-12'),
    (28, '4537264850928395', 'Crédito', 'ACTIVA', '2024-12-01', 185, 3400.00, '2027-12-01'),
    (29, '4719283746509296', 'Débito', 'ACTIVA', '2025-01-20', 518, 2300.00, '2028-01-20'),
    (30, '4928374650928397', 'Crédito', 'ACTIVA', '2025-02-14', 851, 3700.00, '2028-02-14');

    INSERT INTO MOVIMIENTOTARJETA (ID_MOVIMIENTO, ID_TARjETA, MT_PINSEGURIDAD, MT_INTENTOSFALLIDO, MT_MONTOMAXIMO) VALUES
    ('60405113-b755-489d-93d5-38bf15bae717', 1, 1234, 0, 1500.00),
    ('a4649f68-4f6f-4492-af95-8464f16b7e63', 2, 2345, 1, 1000.00),
    ('af0099f0-5c32-462e-a903-fcf0d72a7f7f',3, 3456, 0, 2000.00),
    ('aa76a4c2-c8ec-4b5b-ad4d-d95e0064d9cc', 4, 4567, 2, 800.00),
    ('33eeb8dd-9f2f-414b-9e7e-c86fadb4bc9f', 5, 5678, 0, 2500.00),
    ('ea30679e-bf09-42f3-8e0e-426c6ea2967c', 6, 6789, 1, 1800.00),
    ('9224878c-29ee-41c1-8356-9c1c5574bfa6', 7, 7890, 0, 1200.00),
    ('5e00d063-080d-4654-a1de-26860bc2dc58', 8, 8901, 3, 900.00),
    ('2b3a8e68-addb-42a7-a991-c87402c14151', 9, 9012, 0, 1600.00),
    ('487cf4a2-56ba-4a41-afa5-85222fd9ebc0', 15, 1123, 0, 1400.00),
    ('89b48b38-c178-4b0a-98a3-b07c72b56c83', 10, 2234, 1, 1300.00),
    ('4cbec888-cef0-4a5d-8e78-9a470e2b9c68', 11, 3345, 0, 1100.00),
    ('b063a643-d54c-4c28-b0e2-58752b4a0ca0', 12, 4456, 0, 1700.00),
    ('c2f007fc-f564-44f1-8cca-2b49a6e2df2e', 13, 5567, 2, 1500.00),
    ('0f8a089b-eb48-4e8b-83be-552362e5cddb', 14, 6678, 0, 1900.00);





    INSERT INTO RETIROCONTARJETA (ID_MOVIMIENTO, RCT_NUMMAXRETIROS, RCT_CANAL) VALUES
    ('33eeb8dd-9f2f-414b-9e7e-c86fadb4bc9f', 3, 'CAJERO'),
    ('aa76a4c2-c8ec-4b5b-ad4d-d95e0064d9cc', 4, 'CAJERO'),
    ('af0099f0-5c32-462e-a903-fcf0d72a7f7f', 2, 'CAJERO'),
    ('a4649f68-4f6f-4492-af95-8464f16b7e63', 4, 'CAJERO'),
    ('60405113-b755-489d-93d5-38bf15bae717', 3, 'CAJERO');


    INSERT INTO MOVIMIENTOSINTARJETA (ID_MOVIMIENTO, MST_MONTOMAXIMO, MST_TIPO, MST_NUMEROCELULAR) VALUES
    ('48fb1502-4a05-47e7-994c-177d1eb6be13', 500.00, 'Retiro efectivo', 987654321),
    ('82073f4a-0b9e-48ba-97e1-e9fc2b91bdbf', 1000.00, 'Transferencia', 987654322),
    ('fd5ec937-325a-46e5-b806-709f75757b3d', 700.00, 'Retiro efectivo', 987654323),
    ('042e1e20-7224-4683-8559-53c0973e053e', 800.00, 'Pago servicios', 987654324),
    ('b0f1cdb7-b0a2-4be4-84c0-a3d2a26eadb6', 600.00, 'Depósito', 987654325),
    ('6527745f-fff8-471b-9161-7a38594e220c', 900.00, 'Transferencia', 987654326),
    ('bdc8ae39-f711-4bc5-8bcf-21689815f9f8', 400.00, 'Retiro efectivo', 987654327),
    ('bff8cb66-7082-46a3-8466-07776688019c', 750.00, 'Pago servicios', 987654328),
    ('495a84ff-4b25-4842-a3e4-f8562263a5b3', 850.00, 'Depósito', 987654329),
    ('721a62f7-91f1-4261-8ab7-bc1c18488a31', 650.00, 'Transferencia', 987654330),
    ('c21cadec-a8c6-4510-b196-1e1d9d85296d', 500.00, 'Retiro efectivo', 987654331),
    ('7795e91b-c78e-44d4-b4ae-930f9f7f4e2d', 950.00, 'Pago servicios', 987654332),
    ('031e2f29-d6f2-499b-8db8-ea20d716fee8', 600.00, 'Depósito', 987654333),
    ('f8c66b9e-5934-45b2-90b6-ea947e9cc320', 700.00, 'Transferencia', 987654334),
    ('d64cff7a-d5d1-40df-8bdc-25e6441bcfa7', 800.00, 'Retiro efectivo', 987654335);

    -- RETIROSINTARJETA
    INSERT INTO RETIROSINTARJETA 
    (ID_MOVIMIENTO, RST_CODIGOGENERADO, RST_NUMMAXRETIROS, RST_FECHAHORA) VALUES
    ('48fb1502-4a05-47e7-994c-177d1eb6be13', '1234', 3, '2025-08-06 10:00:00'),
    ('6527745f-fff8-471b-9161-7a38594e220c', '2345', 2, '2025-08-06 10:00:00'),
    ('b0f1cdb7-b0a2-4be4-84c0-a3d2a26eadb6', '3456', 1, '2025-08-06 10:00:00'),
    ('042e1e20-7224-4683-8559-53c0973e053e', '4567', 3, '2025-08-06 10:00:00'),
    ('fd5ec937-325a-46e5-b806-709f75757b3d', '5678', 2, '2025-08-06 10:00:00');


    -- TRANSFERENCIA
    INSERT INTO TRANSFERENCIA (ID_MOVIMIENTO, T_CUENTADESTINO, T_CUENTAORIGEN, T_BANCODESTINO) VALUES
    ('82073f4a-0b9e-48ba-97e1-e9fc2b91bdbf', '1111111111', '1212121212', 'Banco Pichincha'),
    ('6527745f-fff8-471b-9161-7a38594e220c', '1313131313', '1414141414', 'Banco Guayaquil'),
    ('721a62f7-91f1-4261-8ab7-bc1c18488a31', '1515151515', '1616161616', 'Banco Internacional'),
    ('f8c66b9e-5934-45b2-90b6-ea947e9cc320', '1717171717', '1818181818', 'Banco Produbanco'),
    ('042e1e20-7224-4683-8559-53c0973e053e', '1919191919', '2020202020', 'Banco Bolivariano');

    -- DEPOSITO
    INSERT INTO DEPOSITO (ID_MOVIMIENTO, D_CUENTAORIGEN, D_CUENTADESTINO) VALUES
    ('b0f1cdb7-b0a2-4be4-84c0-a3d2a26eadb6', '0101010101', '0202020202'),
    ('495a84ff-4b25-4842-a3e4-f8562263a5b3', '0303030303', '0404040404'),
    ('031e2f29-d6f2-499b-8db8-ea20d716fee8', '0505050505', '0606060606'),
    ('fd5ec937-325a-46e5-b806-709f75757b3d', '0707070707', '0808080808'),
    ('bff8cb66-7082-46a3-8466-07776688019c', '0909090909', '1010101010');


    INSERT INTO VAUCHER (ID_CAJERO, ID_MOVIMIENTO, COSTO_VAUCHER) values
    (1, '48fb1502-4a05-47e7-994c-177d1eb6be13', '0.10'),
    (2, '82073f4a-0b9e-48ba-97e1-e9fc2b91bdbf', '0.20'),
    (3, 'fd5ec937-325a-46e5-b806-709f75757b3d', '0.15'),
    (4, '042e1e20-7224-4683-8559-53c0973e053e', '0.05'),
    (5, 'b0f1cdb7-b0a2-4be4-84c0-a3d2a26eadb6', '0.12'),
    (1, '6527745f-fff8-471b-9161-7a38594e220c', '0.18'),
    (2, 'bdc8ae39-f711-4bc5-8bcf-21689815f9f8', '0.07'),
    (3, 'bff8cb66-7082-46a3-8466-07776688019c', '0.22'),
    (4, '495a84ff-4b25-4842-a3e4-f8562263a5b3', '0.03'),
    (5, '721a62f7-91f1-4261-8ab7-bc1c18488a31', '0.09'),
    (1, 'c21cadec-a8c6-4510-b196-1e1d9d85296d', '0.14'),
    (2, '7795e91b-c78e-44d4-b4ae-930f9f7f4e2d', '0.11'),
    (3, '031e2f29-d6f2-499b-8db8-ea20d716fee8', '0.17'),
    (4, 'f8c66b9e-5934-45b2-90b6-ea947e9cc320', '0.24'),
    (5, 'd64cff7a-d5d1-40df-8bdc-25e6441bcfa7', '0.08'),
    (1, '60405113-b755-489d-93d5-38bf15bae717', '0.19'),
    (2, 'a4649f68-4f6f-4492-af95-8464f16b7e63', '0.23'),
    (3, 'af0099f0-5c32-462e-a903-fcf0d72a7f7f', '0.06'),
    (4, 'aa76a4c2-c8ec-4b5b-ad4d-d95e0064d9cc', '0.25'),
    (5, '33eeb8dd-9f2f-414b-9e7e-c86fadb4bc9f', '0.04'),
    (1, 'ea30679e-bf09-42f3-8e0e-426c6ea2967c', '0.13'),
    (2, '9224878c-29ee-41c1-8356-9c1c5574bfa6', '0.21'),
    (3, '5e00d063-080d-4654-a1de-26860bc2dc58', '0.05'),
    (4, '2b3a8e68-addb-42a7-a991-c87402c14151', '0.16'),
    (5, '487cf4a2-56ba-4a41-afa5-85222fd9ebc0', '0.20'),
    (1, '89b48b38-c178-4b0a-98a3-b07c72b56c83', '0.07'),
    (2, '4cbec888-cef0-4a5d-8e78-9a470e2b9c68', '0.22'),
    (3, 'b063a643-d54c-4c28-b0e2-58752b4a0ca0', '0.10'),
    (4, 'c2f007fc-f564-44f1-8cca-2b49a6e2df2e', '0.15'),
    (5, '0f8a089b-eb48-4e8b-83be-552362e5cddb', '0.09');